<i>
  <i image="stand_0.png" delay="180" x="-38" y="-100"/>
  <i image="stand_1.png" delay="180" x="-38" y="-100"/>
  <i image="stand_2.png" delay="180" x="-38" y="-100"/>
  <i image="stand_3.png" delay="180" x="-38" y="-100"/>
  <i image="stand_4.png" delay="180" x="-38" y="-100"/>
  <i image="stand_5.png" delay="180" x="-38" y="-100"/>
  <i image="move_0.png" delay="120" x="-38" y="-100"/>
  <i image="move_1.png" delay="120" x="-38" y="-100"/>
  <i image="move_2.png" delay="120" x="-38" y="-100"/>
  <i image="move_3.png" delay="120" x="-38" y="-100"/>
  <i image="move_4.png" delay="120" x="-38" y="-100"/>
  <i image="move_5.png" delay="120" x="-38" y="-100"/>
  <i image="attack1.info.hit_0.png" delay="60" x="-51" y="-43"/>
  <i image="attack1.info.hit_1.png" delay="60" x="-51" y="-43"/>
  <i image="attack1.info.hit_2.png" delay="60" x="-51" y="-43"/>
  <i image="attack1.info.hit_3.png" delay="60" x="-51" y="-43"/>
  <i image="attack1.info.hit_4.png" delay="60" x="-51" y="-43"/>
  <i image="attack1.info.hit_5.png" delay="60" x="-51" y="-43"/>
  <i image="attack1.info.hit_6.png" delay="60" x="-51" y="-43"/>
  <i image="attack1.info.effect_0.png" delay="60" x="-229" y="-291"/>
  <i image="attack1.info.effect_1.png" delay="60" x="-229" y="-291"/>
  <i image="attack1.info.effect_2.png" delay="60" x="-229" y="-291"/>
  <i image="attack1.info.effect_3.png" delay="60" x="-229" y="-291"/>
  <i image="attack1.info.effect_4.png" delay="60" x="-229" y="-291"/>
  <i image="attack1.info.effect_5.png" delay="60" x="-229" y="-291"/>
  <i image="attack1.info.effect_6.png" delay="60" x="-229" y="-291"/>
  <i image="attack1.info.effect_7.png" delay="60" x="-229" y="-291"/>
  <i image="attack1.info.effect_8.png" delay="60" x="-229" y="-291"/>
  <i image="attack1.info.effect_9.png" delay="60" x="-229" y="-291"/>
  <i image="attack1.info.effect_10.png" delay="60" x="-229" y="-291"/>
  <i image="attack1.info.effect_11.png" delay="60" x="-229" y="-291"/>
  <i image="attack1_0.png" delay="60" x="-101" y="-213"/>
  <i image="attack1_1.png" delay="60" x="-101" y="-213"/>
  <i image="attack1_2.png" delay="60" x="-101" y="-213"/>
  <i image="attack1_3.png" delay="60" x="-101" y="-213"/>
  <i image="attack1_4.png" delay="60" x="-101" y="-213"/>
  <i image="attack1_5.png" delay="60" x="-101" y="-213"/>
  <i image="attack1_6.png" delay="60" x="-101" y="-213"/>
  <i image="attack1_7.png" delay="60" x="-101" y="-213"/>
  <i image="attack1_8.png" delay="60" x="-101" y="-213"/>
  <i image="attack1_9.png" delay="60" x="-101" y="-213"/>
  <i image="attack1_10.png" delay="60" x="-101" y="-213"/>
  <i image="attack1_11.png" delay="60" x="-101" y="-213"/>
  <i image="attack1_12.png" delay="60" x="-101" y="-213"/>
  <i image="attack1_13.png" delay="60" x="-101" y="-213"/>
  <i image="attack1_14.png" delay="60" x="-101" y="-213"/>
  <i image="attack1_15.png" delay="60" x="-101" y="-213"/>
  <i image="attack1_16.png" delay="60" x="-101" y="-213"/>
  <i image="attack1_17.png" delay="60" x="-101" y="-213"/>
  <i image="attack1_18.png" delay="60" x="-101" y="-213"/>
  <i image="attack1_19.png" delay="60" x="-101" y="-213"/>
  <i image="attack1_20.png" delay="60" x="-101" y="-213"/>
  <i image="attack1_21.png" delay="60" x="-101" y="-213"/>
  <i image="attack1_22.png" delay="60" x="-101" y="-213"/>
  <i image="attack1_23.png" delay="60" x="-101" y="-213"/>
  <i image="attack1_24.png" delay="60" x="-101" y="-213"/>
  <i image="attack1_25.png" delay="180" x="-101" y="-213"/>
  <i image="attack1_26.png" delay="180" x="-101" y="-213"/>
  <i image="attack1_27.png" delay="180" x="-101" y="-213"/>
  <i image="attack1_28.png" delay="180" x="-101" y="-213"/>
  <i image="attack2.info.effect_0.png" delay="50" x="-400" y="-77"/>
  <i image="attack2.info.effect_1.png" delay="50" x="-400" y="-77"/>
  <i image="attack2.info.effect_2.png" delay="50" x="-400" y="-77"/>
  <i image="attack2.info.effect_3.png" delay="50" x="-400" y="-77"/>
  <i image="attack2.info.effect_4.png" delay="50" x="-400" y="-77"/>
  <i image="attack2.info.effect_5.png" delay="50" x="-400" y="-77"/>
  <i image="attack2.info.effect_6.png" delay="50" x="-400" y="-77"/>
  <i image="attack2.info.effect_7.png" delay="50" x="-400" y="-77"/>
  <i image="attack2.info.effect_8.png" delay="50" x="-400" y="-77"/>
  <i image="attack2.info.effect_9.png" delay="50" x="-400" y="-77"/>
  <i image="attack2.info.hit_0.png" delay="90" x="-60" y="-92"/>
  <i image="attack2.info.hit_1.png" delay="90" x="-60" y="-92"/>
  <i image="attack2.info.hit_2.png" delay="90" x="-60" y="-92"/>
  <i image="attack2.info.hit_3.png" delay="90" x="-60" y="-92"/>
  <i image="attack2.info.hit_4.png" delay="90" x="-60" y="-92"/>
  <i image="attack2.info.hit_5.png" delay="90" x="-60" y="-92"/>
  <i image="attack2.info.hit_6.png" delay="90" x="-60" y="-92"/>
  <i image="attack2.info.hit_7.png" delay="90" x="-60" y="-92"/>
  <i image="attack2_0.png" delay="60" x="-181" y="-125"/>
  <i image="attack2_1.png" delay="60" x="-181" y="-125"/>
  <i image="attack2_2.png" delay="60" x="-181" y="-125"/>
  <i image="attack2_3.png" delay="60" x="-181" y="-125"/>
  <i image="attack2_4.png" delay="60" x="-181" y="-125"/>
  <i image="attack2_5.png" delay="60" x="-181" y="-125"/>
  <i image="attack2_6.png" delay="60" x="-181" y="-125"/>
  <i image="attack2_7.png" delay="60" x="-181" y="-125"/>
  <i image="attack2_8.png" delay="60" x="-181" y="-125"/>
  <i image="attack2_9.png" delay="60" x="-181" y="-125"/>
  <i image="attack2_10.png" delay="60" x="-181" y="-125"/>
  <i image="attack2_11.png" delay="60" x="-181" y="-125"/>
  <i image="attack2_12.png" delay="60" x="-181" y="-125"/>
  <i image="attack2_13.png" delay="60" x="-181" y="-125"/>
  <i image="attack2_14.png" delay="60" x="-181" y="-125"/>
  <i image="attack2_15.png" delay="60" x="-181" y="-125"/>
  <i image="attack2_16.png" delay="60" x="-181" y="-125"/>
  <i image="attack2_17.png" delay="60" x="-181" y="-125"/>
  <i image="attack2_18.png" delay="60" x="-181" y="-125"/>
  <i image="attack2_19.png" delay="60" x="-181" y="-125"/>
  <i image="attack2_20.png" delay="180" x="-181" y="-125"/>
  <i image="attack2_21.png" delay="180" x="-181" y="-125"/>
  <i image="attack2_22.png" delay="180" x="-181" y="-125"/>
  <i image="attack2_23.png" delay="180" x="-181" y="-125"/>
  <i image="attack3.info.effect.0_0.png" delay="360" x="-101" y="-202"/>
  <i image="attack3.info.effect.0_1.png" delay="90" x="-101" y="-202"/>
  <i image="attack3.info.effect.0_2.png" delay="90" x="-101" y="-202"/>
  <i image="attack3.info.effect.0_3.png" delay="90" x="-101" y="-202"/>
  <i image="attack3.info.effect.0_4.png" delay="90" x="-101" y="-202"/>
  <i image="attack3.info.effect.0_5.png" delay="90" x="-101" y="-202"/>
  <i image="attack3.info.effect.0_6.png" delay="90" x="-101" y="-202"/>
  <i image="attack3.info.effect.0_7.png" delay="90" x="-101" y="-202"/>
  <i image="attack3.info.effect.0_8.png" delay="90" x="-101" y="-202"/>
  <i image="attack3.info.effect.0_9.png" delay="90" x="-101" y="-202"/>
  <i image="attack3.info.effect.0_10.png" delay="90" x="-101" y="-202"/>
  <i image="attack3.info.effect.0_11.png" delay="90" x="-101" y="-202"/>
  <i image="attack3.info.effect.0_12.png" delay="90" x="-101" y="-202"/>
  <i image="attack3.info.effect.0_13.png" delay="90" x="-101" y="-202"/>
  <i image="attack3.info.effect.0_14.png" delay="90" x="-101" y="-202"/>
  <i image="attack3.info.effect.0_15.png" delay="90" x="-101" y="-202"/>
  <i image="attack3.info.effect.0_16.png" delay="90" x="-101" y="-202"/>
  <i image="attack3.info.effect.0_17.png" delay="90" x="-101" y="-202"/>
  <i image="attack3.info.effect.0_18.png" delay="90" x="-101" y="-202"/>
  <i image="attack3.info.effect.0_19.png" delay="90" x="-101" y="-202"/>
  <i image="attack3.info.effect.0_20.png" delay="90" x="-101" y="-202"/>
  <i image="attack3.info.effect.0_21.png" delay="90" x="-101" y="-202"/>
  <i image="attack3.info.effect.1_0.png" delay="180" x="-180" y="-231"/>
  <i image="attack3.info.effect.1_1.png" delay="90" x="-180" y="-231"/>
  <i image="attack3.info.effect.1_2.png" delay="90" x="-180" y="-231"/>
  <i image="attack3.info.effect.1_3.png" delay="90" x="-180" y="-231"/>
  <i image="attack3.info.effect.1_4.png" delay="90" x="-180" y="-231"/>
  <i image="attack3.info.effect.1_5.png" delay="90" x="-180" y="-231"/>
  <i image="attack3.info.effect.1_6.png" delay="90" x="-180" y="-231"/>
  <i image="attack3.info.effect.1_7.png" delay="90" x="-180" y="-231"/>
  <i image="attack3.info.effect.1_8.png" delay="90" x="-180" y="-231"/>
  <i image="attack3.info.effect.1_9.png" delay="90" x="-180" y="-231"/>
  <i image="attack3.info.effect.1_10.png" delay="90" x="-180" y="-231"/>
  <i image="attack3.info.effect.1_11.png" delay="90" x="-180" y="-231"/>
  <i image="attack3.info.effect.1_12.png" delay="90" x="-180" y="-231"/>
  <i image="attack3.info.effect.1_13.png" delay="90" x="-180" y="-231"/>
  <i image="attack3.info.effect.1_14.png" delay="90" x="-180" y="-231"/>
  <i image="attack3.info.effect.1_15.png" delay="90" x="-180" y="-231"/>
  <i image="attack3.info.effect.1_16.png" delay="90" x="-180" y="-231"/>
  <i image="attack3.info.effect.1_17.png" delay="90" x="-180" y="-231"/>
  <i image="attack3.info.effect.1_18.png" delay="90" x="-180" y="-231"/>
  <i image="attack3.info.effect.1_19.png" delay="90" x="-180" y="-231"/>
  <i image="attack3.info.effect.1_20.png" delay="90" x="-180" y="-231"/>
  <i image="attack3.info.effect.1_21.png" delay="90" x="-180" y="-231"/>
  <i image="attack3.info.effect.1_22.png" delay="90" x="-180" y="-231"/>
  <i image="attack3.info.effect.1_23.png" delay="90" x="-180" y="-231"/>
  <i image="attack3.info.effect.2_0.png" delay="90" x="-130" y="-363"/>
  <i image="attack3.info.effect.2_1.png" delay="90" x="-130" y="-363"/>
  <i image="attack3.info.effect.2_2.png" delay="90" x="-130" y="-363"/>
  <i image="attack3.info.effect.2_3.png" delay="90" x="-130" y="-363"/>
  <i image="attack3.info.effect.2_4.png" delay="90" x="-130" y="-363"/>
  <i image="attack3.info.effect.2_5.png" delay="90" x="-130" y="-363"/>
  <i image="attack3.info.effect.2_6.png" delay="90" x="-130" y="-363"/>
  <i image="attack3.info.effect.2_7.png" delay="90" x="-130" y="-363"/>
  <i image="attack3.info.effect.2_8.png" delay="90" x="-130" y="-363"/>
  <i image="attack3.info.effect.2_9.png" delay="90" x="-130" y="-363"/>
  <i image="attack3.info.effect.2_10.png" delay="90" x="-130" y="-363"/>
  <i image="attack3.info.effect.2_11.png" delay="90" x="-130" y="-363"/>
  <i image="attack3.info.effect.2_12.png" delay="90" x="-130" y="-363"/>
  <i image="attack3.info.effect.2_13.png" delay="90" x="-130" y="-363"/>
  <i image="attack3.info.effect.2_14.png" delay="90" x="-130" y="-363"/>
  <i image="attack3.info.effect.2_15.png" delay="90" x="-130" y="-363"/>
  <i image="attack3.info.effect.2_16.png" delay="90" x="-130" y="-363"/>
  <i image="attack3.info.effect.2_17.png" delay="90" x="-130" y="-363"/>
  <i image="attack3.info.effect.2_18.png" delay="90" x="-130" y="-363"/>
  <i image="attack3.info.effect.2_19.png" delay="90" x="-130" y="-363"/>
  <i image="attack3.info.effect.2_20.png" delay="90" x="-130" y="-363"/>
  <i image="attack3.info.effect.2_21.png" delay="90" x="-130" y="-363"/>
  <i image="attack3.info.effect.2_22.png" delay="90" x="-130" y="-363"/>
  <i image="attack3.info.effect.2_23.png" delay="90" x="-130" y="-363"/>
  <i image="attack3.info.effect.2_24.png" delay="90" x="-130" y="-363"/>
  <i image="attack3.info.hit_0.png" delay="90" x="-60" y="-64"/>
  <i image="attack3.info.hit_1.png" delay="90" x="-60" y="-64"/>
  <i image="attack3.info.hit_2.png" delay="90" x="-60" y="-64"/>
  <i image="attack3.info.hit_3.png" delay="90" x="-60" y="-64"/>
  <i image="attack3.info.hit_4.png" delay="90" x="-60" y="-64"/>
  <i image="attack3_0.png" delay="90" x="-108" y="-667"/>
  <i image="attack3_1.png" delay="90" x="-108" y="-667"/>
  <i image="attack3_2.png" delay="90" x="-108" y="-667"/>
  <i image="attack3_3.png" delay="90" x="-108" y="-667"/>
  <i image="attack3_4.png" delay="90" x="-108" y="-667"/>
  <i image="attack3_5.png" delay="90" x="-108" y="-667"/>
  <i image="attack3_6.png" delay="90" x="-108" y="-667"/>
  <i image="attack3_7.png" delay="90" x="-108" y="-667"/>
  <i image="attack3_8.png" delay="90" x="-108" y="-667"/>
  <i image="attack3_9.png" delay="90" x="-108" y="-667"/>
  <i image="attack3_10.png" delay="90" x="-108" y="-667"/>
  <i image="attack3_11.png" delay="90" x="-108" y="-667"/>
  <i image="attack3_12.png" delay="90" x="-108" y="-667"/>
  <i image="attack3_13.png" delay="90" x="-108" y="-667"/>
  <i image="attack3_14.png" delay="90" x="-108" y="-667"/>
  <i image="attack3_15.png" delay="90" x="-108" y="-667"/>
  <i image="attack3_16.png" delay="90" x="-108" y="-667"/>
  <i image="attack3_17.png" delay="90" x="-108" y="-667"/>
  <i image="attack3_18.png" delay="90" x="-108" y="-667"/>
  <i image="attack3_19.png" delay="180" x="-108" y="-667"/>
  <i image="attack3_20.png" delay="180" x="-108" y="-667"/>
  <i image="attack3_21.png" delay="180" x="-108" y="-667"/>
  <i image="attack3_22.png" delay="180" x="-108" y="-667"/>
  <i image="attack3_23.png" delay="180" x="-108" y="-667"/>
  <i image="attack3_24.png" delay="180" x="-108" y="-667"/>
  <i image="skill1_0.png" delay="120" x="-29" y="-148"/>
  <i image="skill1_1.png" delay="120" x="-29" y="-148"/>
  <i image="skill1_2.png" delay="120" x="-29" y="-148"/>
  <i image="skill1_3.png" delay="120" x="-29" y="-148"/>
  <i image="skill2_0.png" delay="120" x="-76" y="-199"/>
  <i image="skill2_1.png" delay="120" x="-76" y="-199"/>
  <i image="skill2_2.png" delay="120" x="-76" y="-199"/>
  <i image="skill2_3.png" delay="120" x="-76" y="-199"/>
  <i image="skill2_4.png" delay="120" x="-76" y="-199"/>
  <i image="skill2_5.png" delay="120" x="-76" y="-199"/>
  <i image="skill2_6.png" delay="120" x="-76" y="-199"/>
  <i image="skill2_7.png" delay="120" x="-76" y="-199"/>
  <i image="skill2_8.png" delay="120" x="-76" y="-199"/>
  <i image="skill2_9.png" delay="120" x="-76" y="-199"/>
  <i image="skill2_10.png" delay="120" x="-76" y="-199"/>
  <i image="skill2_11.png" delay="120" x="-76" y="-199"/>
  <i image="skill2_12.png" delay="120" x="-76" y="-199"/>
  <i image="skill2_13.png" delay="120" x="-76" y="-199"/>
  <i image="skill2_14.png" delay="120" x="-76" y="-199"/>
  <i image="skill2_15.png" delay="120" x="-76" y="-199"/>
  <i image="skill2_16.png" delay="120" x="-76" y="-199"/>
  <i image="skill3_0.png" delay="90" x="-38" y="-100"/>
  <i image="skill3_1.png" delay="90" x="-38" y="-100"/>
  <i image="skill3_2.png" delay="90" x="-38" y="-100"/>
  <i image="skill3_3.png" delay="90" x="-38" y="-100"/>
  <i image="skill3_4.png" delay="90" x="-38" y="-100"/>
  <i image="skill3_5.png" delay="90" x="-38" y="-100"/>
  <i image="skillAfter1_0.png" delay="120" x="-29" y="-148"/>
  <i image="skillAfter1_1.png" delay="120" x="-29" y="-148"/>
  <i image="skillAfter1_2.png" delay="120" x="-29" y="-148"/>
  <i image="skillAfter1_3.png" delay="120" x="-29" y="-148"/>
  <i image="hit1_0.png" delay="100" x="-39" y="-101"/>
  <i image="die1_0.png" delay="120" x="-39" y="-113"/>
  <i image="die1_1.png" delay="120" x="-39" y="-113"/>
  <i image="die1_2.png" delay="120" x="-39" y="-113"/>
  <i image="die1_3.png" delay="120" x="-39" y="-113"/>
  <i image="die1_4.png" delay="120" x="-39" y="-113"/>
  <i image="die1_5.png" delay="120" x="-39" y="-113"/>
  <i image="die1_6.png" delay="120" x="-39" y="-113"/>
  <i image="die1_7.png" delay="120" x="-39" y="-113"/>
  <i image="die1_8.png" delay="120" x="-39" y="-113"/>
  <i image="die1_9.png" delay="120" x="-39" y="-113"/>
  <i image="die1_10.png" delay="120" x="-39" y="-113"/>
  <i image="die1_11.png" delay="120" x="-39" y="-113"/>
  <i image="die1_12.png" delay="120" x="-39" y="-113"/>
  <i image="die1_13.png" delay="120" x="-39" y="-113"/>
</i>