<i>
  <i image="walk1_0.png" delay="180" x="-59" y="-71"/>
  <i image="walk1_1.png" delay="180" x="-59" y="-71"/>
  <i image="walk1_2.png" delay="180" x="-59" y="-71"/>
  <i image="walk1_3.png" delay="180" x="-59" y="-71"/>
  <i image="stand1_0.png" delay="500" x="-53" y="-71"/>
  <i image="stand1_1.png" delay="500" x="-53" y="-71"/>
  <i image="stand1_2.png" delay="500" x="-53" y="-71"/>
  <i image="stand1_3.png" delay="500" x="-53" y="-71"/>
  <i image="stand1_4.png" delay="500" x="-53" y="-71"/>
  <i image="alert_0.png" delay="500" x="-57" y="-70"/>
  <i image="alert_1.png" delay="500" x="-57" y="-70"/>
  <i image="alert_2.png" delay="500" x="-57" y="-70"/>
  <i image="alert_3.png" delay="500" x="-57" y="-70"/>
  <i image="alert_4.png" delay="500" x="-57" y="-70"/>
  <i image="swingO1_0.png" delay="300" x="-61" y="-78"/>
  <i image="swingO1_1.png" delay="150" x="-61" y="-78"/>
  <i image="swingO1_2.png" delay="350" x="-61" y="-78"/>
  <i image="swingO2_0.png" delay="300" x="-41" y="-87"/>
  <i image="swingO2_1.png" delay="150" x="-41" y="-87"/>
  <i image="swingO2_2.png" delay="350" x="-41" y="-87"/>
  <i image="swingO3_0.png" delay="300" x="-102" y="-86"/>
  <i image="swingO3_1.png" delay="150" x="-102" y="-86"/>
  <i image="swingO3_2.png" delay="350" x="-102" y="-86"/>
  <i image="swingOF_0.png" delay="200" x="-76" y="-93"/>
  <i image="swingOF_1.png" delay="100" x="-76" y="-93"/>
  <i image="swingOF_2.png" delay="100" x="-76" y="-93"/>
  <i image="swingOF_3.png" delay="300" x="-76" y="-93"/>
  <i image="stabO1_0.png" delay="350" x="-99" y="-68"/>
  <i image="stabO1_1.png" delay="450" x="-99" y="-68"/>
  <i image="stabO2_0.png" delay="350" x="-99" y="-71"/>
  <i image="stabO2_1.png" delay="450" x="-99" y="-71"/>
  <i image="stabOF_0.png" delay="250" x="-124" y="-69"/>
  <i image="stabOF_1.png" delay="150" x="-124" y="-69"/>
  <i image="stabOF_2.png" delay="300" x="-124" y="-69"/>
  <i image="proneStab_0.png" delay="300" x="-91" y="-43"/>
  <i image="proneStab_1.png" delay="400" x="-91" y="-43"/>
  <i image="prone_0.png" delay="100" x="-75" y="-43"/>
  <i image="heal_0.png" delay="300" x="-57" y="-87"/>
  <i image="heal_1.png" delay="150" x="-57" y="-87"/>
  <i image="heal_2.png" delay="350" x="-57" y="-87"/>
  <i image="fly_0.png" delay="300" x="-28" y="-92"/>
  <i image="fly_1.png" delay="300" x="-28" y="-92"/>
  <i image="jump_0.png" delay="200" x="-28" y="-85"/>
  <i image="sit_0.png" delay="100" x="-25" y="-67"/>
  <i image="ladder_0.png" delay="250" x="-30" y="-67"/>
  <i image="ladder_1.png" delay="250" x="-30" y="-67"/>
  <i image="rope_0.png" delay="250" x="-28" y="-70"/>
  <i image="rope_1.png" delay="250" x="-28" y="-70"/>
</i>