<i>
  <i image="stand_0.png" delay="180" x="-29" y="-89"/>
  <i image="stand_1.png" delay="180" x="-29" y="-89"/>
  <i image="stand_2.png" delay="180" x="-29" y="-89"/>
  <i image="stand_3.png" delay="180" x="-29" y="-89"/>
  <i image="stand_4.png" delay="180" x="-29" y="-89"/>
  <i image="stand_5.png" delay="180" x="-29" y="-89"/>
  <i image="stand_6.png" delay="180" x="-29" y="-89"/>
  <i image="stand_7.png" delay="180" x="-29" y="-89"/>
  <i image="move_0.png" delay="120" x="-29" y="-88"/>
  <i image="move_1.png" delay="120" x="-29" y="-88"/>
  <i image="move_2.png" delay="120" x="-29" y="-88"/>
  <i image="move_3.png" delay="120" x="-29" y="-88"/>
  <i image="move_4.png" delay="120" x="-29" y="-88"/>
  <i image="move_5.png" delay="120" x="-29" y="-88"/>
  <i image="attack1.info.hit_0.png" delay="60" x="-82" y="-69"/>
  <i image="attack1.info.hit_1.png" delay="60" x="-82" y="-69"/>
  <i image="attack1.info.hit_2.png" delay="60" x="-82" y="-69"/>
  <i image="attack1.info.hit_3.png" delay="60" x="-82" y="-69"/>
  <i image="attack1.info.hit_4.png" delay="60" x="-82" y="-69"/>
  <i image="attack1.info.hit_5.png" delay="60" x="-82" y="-69"/>
  <i image="attack1.info.hit_6.png" delay="60" x="-82" y="-69"/>
  <i image="attack1.info.hit_7.png" delay="60" x="-82" y="-69"/>
  <i image="attack1.info.hit_8.png" delay="60" x="-82" y="-69"/>
  <i image="attack1.info.hit_9.png" delay="60" x="-82" y="-69"/>
  <i image="attack1.info.hit_10.png" delay="60" x="-82" y="-69"/>
  <i image="attack1.info.hit_11.png" delay="60" x="-82" y="-69"/>
  <i image="attack1.info.hit_12.png" delay="60" x="-82" y="-69"/>
  <i image="attack1.info.hit_13.png" delay="60" x="-82" y="-69"/>
  <i image="attack1.info.hit_14.png" delay="60" x="-82" y="-69"/>
  <i image="attack1.info.hit_15.png" delay="60" x="-82" y="-69"/>
  <i image="attack1.info.hit_16.png" delay="60" x="-82" y="-69"/>
  <i image="attack1.info.hit_17.png" delay="60" x="-82" y="-69"/>
  <i image="attack1.info.hit_18.png" delay="60" x="-82" y="-69"/>
  <i image="attack1.info.hit_19.png" delay="60" x="-82" y="-69"/>
  <i image="attack1.info.hit_20.png" delay="60" x="-82" y="-69"/>
  <i image="attack1_0.png" delay="90" x="-78" y="-145"/>
  <i image="attack1_1.png" delay="90" x="-78" y="-145"/>
  <i image="attack1_2.png" delay="90" x="-78" y="-145"/>
  <i image="attack1_3.png" delay="90" x="-78" y="-145"/>
  <i image="attack1_4.png" delay="90" x="-78" y="-145"/>
  <i image="attack1_5.png" delay="90" x="-78" y="-145"/>
  <i image="attack1_6.png" delay="90" x="-78" y="-145"/>
  <i image="attack1_7.png" delay="90" x="-78" y="-145"/>
  <i image="attack1_8.png" delay="90" x="-78" y="-145"/>
  <i image="attack1_9.png" delay="90" x="-78" y="-145"/>
  <i image="attack1_10.png" delay="90" x="-78" y="-145"/>
  <i image="attack1_11.png" delay="90" x="-78" y="-145"/>
  <i image="attack1_12.png" delay="90" x="-78" y="-145"/>
  <i image="attack1_13.png" delay="90" x="-78" y="-145"/>
  <i image="attack1_14.png" delay="90" x="-78" y="-145"/>
  <i image="attack1_15.png" delay="180" x="-78" y="-145"/>
  <i image="attack1_16.png" delay="180" x="-78" y="-145"/>
  <i image="attack1_17.png" delay="180" x="-78" y="-145"/>
  <i image="attack1_18.png" delay="180" x="-78" y="-145"/>
  <i image="attack1_19.png" delay="180" x="-78" y="-145"/>
  <i image="attack2.info.ball_0.png" delay="60" x="-32" y="-33"/>
  <i image="attack2.info.ball_1.png" delay="60" x="-32" y="-33"/>
  <i image="attack2.info.ball_2.png" delay="60" x="-32" y="-33"/>
  <i image="attack2.info.hit_0.png" delay="90" x="-66" y="-57"/>
  <i image="attack2.info.hit_1.png" delay="90" x="-66" y="-57"/>
  <i image="attack2.info.hit_2.png" delay="90" x="-66" y="-57"/>
  <i image="attack2.info.hit_3.png" delay="90" x="-66" y="-57"/>
  <i image="attack2.info.hit_4.png" delay="90" x="-66" y="-57"/>
  <i image="attack2.info.hit_5.png" delay="90" x="-66" y="-57"/>
  <i image="attack2_0.png" delay="60" x="-103" y="-96"/>
  <i image="attack2_1.png" delay="60" x="-103" y="-96"/>
  <i image="attack2_2.png" delay="60" x="-103" y="-96"/>
  <i image="attack2_3.png" delay="60" x="-103" y="-96"/>
  <i image="attack2_4.png" delay="60" x="-103" y="-96"/>
  <i image="attack2_5.png" delay="60" x="-103" y="-96"/>
  <i image="attack2_6.png" delay="60" x="-103" y="-96"/>
  <i image="attack2_7.png" delay="60" x="-103" y="-96"/>
  <i image="attack2_8.png" delay="60" x="-103" y="-96"/>
  <i image="attack2_9.png" delay="60" x="-103" y="-96"/>
  <i image="attack2_10.png" delay="60" x="-103" y="-96"/>
  <i image="attack2_11.png" delay="60" x="-103" y="-96"/>
  <i image="attack2_12.png" delay="60" x="-103" y="-96"/>
  <i image="attack2_13.png" delay="60" x="-103" y="-96"/>
  <i image="attack2_14.png" delay="60" x="-103" y="-96"/>
  <i image="attack2_15.png" delay="60" x="-103" y="-96"/>
  <i image="attack2_16.png" delay="60" x="-103" y="-96"/>
  <i image="attack2_17.png" delay="60" x="-103" y="-96"/>
  <i image="attack2_18.png" delay="60" x="-103" y="-96"/>
  <i image="attack2_19.png" delay="180" x="-103" y="-96"/>
  <i image="attack2_20.png" delay="180" x="-103" y="-96"/>
  <i image="attack2_21.png" delay="180" x="-103" y="-96"/>
  <i image="attack2_22.png" delay="180" x="-103" y="-96"/>
  <i image="attack2_23.png" delay="180" x="-103" y="-96"/>
  <i image="attack3.info.ball_0.png" delay="60" x="-41" y="-30"/>
  <i image="attack3.info.ball_1.png" delay="60" x="-41" y="-30"/>
  <i image="attack3.info.hit_0.png" delay="90" x="-68" y="-93"/>
  <i image="attack3.info.hit_1.png" delay="90" x="-68" y="-93"/>
  <i image="attack3.info.hit_2.png" delay="90" x="-68" y="-93"/>
  <i image="attack3.info.hit_3.png" delay="90" x="-68" y="-93"/>
  <i image="attack3.info.hit_4.png" delay="90" x="-68" y="-93"/>
  <i image="attack3.info.hit_5.png" delay="90" x="-68" y="-93"/>
  <i image="attack3.info.hit_6.png" delay="90" x="-68" y="-93"/>
  <i image="attack3_0.png" delay="90" x="-105" y="-98"/>
  <i image="attack3_1.png" delay="90" x="-105" y="-98"/>
  <i image="attack3_2.png" delay="90" x="-105" y="-98"/>
  <i image="attack3_3.png" delay="90" x="-105" y="-98"/>
  <i image="attack3_4.png" delay="90" x="-105" y="-98"/>
  <i image="attack3_5.png" delay="90" x="-105" y="-98"/>
  <i image="attack3_6.png" delay="90" x="-105" y="-98"/>
  <i image="attack3_7.png" delay="90" x="-105" y="-98"/>
  <i image="attack3_8.png" delay="90" x="-105" y="-98"/>
  <i image="attack3_9.png" delay="90" x="-105" y="-98"/>
  <i image="attack3_10.png" delay="180" x="-105" y="-98"/>
  <i image="attack3_11.png" delay="180" x="-105" y="-98"/>
  <i image="attack3_12.png" delay="180" x="-105" y="-98"/>
  <i image="attack3_13.png" delay="180" x="-105" y="-98"/>
  <i image="attack3_14.png" delay="180" x="-105" y="-98"/>
  <i image="attack4.info.hit_0.png" delay="120" x="-51" y="-71"/>
  <i image="attack4.info.hit_1.png" delay="120" x="-51" y="-71"/>
  <i image="attack4.info.hit_2.png" delay="120" x="-51" y="-71"/>
  <i image="attack4.info.hit_3.png" delay="120" x="-51" y="-71"/>
  <i image="attack4.info.hit_4.png" delay="120" x="-51" y="-71"/>
  <i image="attack4_0.png" delay="120" x="-105" y="-122"/>
  <i image="attack4_1.png" delay="120" x="-105" y="-122"/>
  <i image="attack4_2.png" delay="120" x="-105" y="-122"/>
  <i image="attack4_3.png" delay="120" x="-105" y="-122"/>
  <i image="attack4_4.png" delay="120" x="-105" y="-122"/>
  <i image="attack4_5.png" delay="120" x="-105" y="-122"/>
  <i image="attack4_6.png" delay="120" x="-105" y="-122"/>
  <i image="attack4_7.png" delay="120" x="-105" y="-122"/>
  <i image="attack4_8.png" delay="120" x="-105" y="-122"/>
  <i image="attack4_9.png" delay="120" x="-105" y="-122"/>
  <i image="attack4_10.png" delay="120" x="-105" y="-122"/>
  <i image="attack4_11.png" delay="120" x="-105" y="-122"/>
  <i image="attack4_12.png" delay="120" x="-105" y="-122"/>
  <i image="attack4_13.png" delay="180" x="-105" y="-122"/>
  <i image="attack4_14.png" delay="180" x="-105" y="-122"/>
  <i image="attack4_15.png" delay="180" x="-105" y="-122"/>
  <i image="attack4_16.png" delay="180" x="-105" y="-122"/>
  <i image="attack4_17.png" delay="180" x="-105" y="-122"/>
  <i image="hit1_0.png" delay="300" x="-26" y="-87"/>
  <i image="die1_0.png" delay="120" x="-2" y="-103"/>
  <i image="die1_1.png" delay="120" x="-2" y="-103"/>
  <i image="die1_2.png" delay="120" x="-2" y="-103"/>
  <i image="die1_3.png" delay="120" x="-2" y="-103"/>
  <i image="die1_4.png" delay="120" x="-2" y="-103"/>
  <i image="die1_5.png" delay="120" x="-2" y="-103"/>
  <i image="die1_6.png" delay="120" x="-2" y="-103"/>
  <i image="die1_7.png" delay="120" x="-2" y="-103"/>
  <i image="die1_8.png" delay="120" x="-2" y="-103"/>
  <i image="die1_9.png" delay="120" x="-2" y="-103"/>
  <i image="die1_10.png" delay="120" x="-2" y="-103"/>
  <i image="die1_11.png" delay="120" x="-2" y="-103"/>
  <i image="die1_12.png" delay="120" x="-2" y="-103"/>
  <i image="die1_13.png" delay="120" x="-2" y="-103"/>
  <i image="skill1_0.png" delay="120" x="-29" y="-88"/>
  <i image="skill1_1.png" delay="500" x="-29" y="-88"/>
</i>